Gov. Party,House Dem.,House Rep.,House other,Legis. Control,STATE,Senate Dem.,Senate Rep.,Senate other,State Control,Total House,Total Seats,Total Senate,year
Rep,63.0,42.0,0.0,Dem,Alabama,25,10.0,0.0,,105,140.0,35.0,2003
Rep,13.0,27.0,0.0,Rep,Alaska,8,11.0,1.0,,40,60.0,20.0,2003
Dem,21.0,39.0,0.0,Rep,Arizona,13,17.0,0.0,,60,90.0,30.0,2003
Rep,70.0,30.0,0.0,Dem,Arkansas,27,8.0,0.0,,100,135.0,35.0,2003
Dem,48.0,32.0,0.0,Dem,California,26,14.0,0.0,,80,120.0,40.0,2003
Rep,28.0,37.0,0.0,Rep,Colorado,17,18.0,0.0,,65,100.0,35.0,2003
Rep,94.0,57.0,0.0,Dem,Connecticut,21,15.0,0.0,,151,187.0,36.0,2003
Dem,12.0,29.0,0.0,Split,Delaware,13,8.0,0.0,,41,62.0,21.0,2003
Rep,39.0,81.0,0.0,Rep,Florida,14,26.0,0.0,,120,160.0,40.0,2003
Rep,106.0,73.0,1.0,Split,Georgia,26,30.0,0.0,,180,236.0,56.0,2003
Rep,36.0,15.0,0.0,Dem,Hawaii,20,5.0,0.0,,51,76.0,25.0,2003
Rep,16.0,54.0,0.0,Rep,Idaho,7,28.0,0.0,,70,105.0,35.0,2003
Dem,66.0,52.0,0.0,Dem,Illinois,32,27.0,0.0,,118,177.0,59.0,2003
Dem,51.0,49.0,0.0,Split,Indiana,18,32.0,0.0,,100,150.0,50.0,2003
Dem,46.0,54.0,0.0,Rep,Iowa,21,29.0,0.0,,100,150.0,50.0,2003
Dem,45.0,80.0,0.0,Rep,Kansas,10,30.0,0.0,,125,165.0,40.0,2003
Dem,65.0,35.0,0.0,Split,Kentucky,16,22.0,0.0,,100,138.0,38.0,2003
Rep,70.0,34.0,1.0,Dem,Louisiana,26,13.0,0.0,,105,144.0,39.0,2003
Dem,80.0,67.0,4.0,Dem,Maine,18,17.0,0.0,,151,186.0,35.0,2003
Rep,98.0,43.0,0.0,Dem,Maryland,33,14.0,0.0,,141,188.0,47.0,2003
Rep,136.0,23.0,1.0,Dem,Massachusetts,34,6.0,0.0,,160,200.0,40.0,2003
Dem,47.0,63.0,0.0,Rep,Michigan,16,22.0,0.0,,110,148.0,38.0,2003
Rep,52.0,82.0,0.0,Split,Minnesota,35,31.0,1.0,,134,201.0,67.0,2003
Dem,86.0,33.0,3.0,Dem,Mississippi,33,18.0,1.0,,122,174.0,52.0,2003
Dem,73.0,90.0,0.0,Rep,Missouri,14,20.0,0.0,,163,197.0,34.0,2003
Rep,47.0,53.0,0.0,Rep,Montana,21,29.0,0.0,,100,150.0,50.0,2003
Rep,,,0.0,,Nebraska,Nonpartisan,,49.0,,Unicameral,49.0,49.0,2003
Rep,23.0,19.0,0.0,Split,Nevada,8,13.0,0.0,,42,63.0,21.0,2003
Rep,119.0,281.0,0.0,Rep,New Hampshire,6,18.0,0.0,,400,424.0,24.0,2003
Dem,43.0,36.0,1.0,Split,New Jersey,20,20.0,0.0,,80,120.0,40.0,2003
Dem,42.0,28.0,0.0,Dem,New Mexico,24,18.0,0.0,,70,112.0,42.0,2003
Rep,103.0,47.0,0.0,Split,New York,25,37.0,0.0,,150,212.0,62.0,2003
Dem,60.0,60.0,0.0,Split,North Carolina,28,22.0,0.0,,120,170.0,50.0,2003
Rep,28.0,66.0,0.0,Rep,North Dakota,16,31.0,0.0,,94,141.0,47.0,2003
Rep,37.0,62.0,0.0,Rep,Ohio,11,22.0,0.0,,99,132.0,33.0,2003
Dem,53.0,48.0,0.0,Dem,Oklahoma,28,20.0,0.0,,101,149.0,48.0,2003
Dem,25.0,35.0,0.0,Split,Oregon,15,15.0,0.0,,60,90.0,30.0,2003
Dem,94.0,109.0,0.0,Rep,Pennsylvania,21,29.0,0.0,,203,253.0,50.0,2003
Rep,63.0,11.0,1.0,Dem,Rhode Island,32,6.0,0.0,,75,113.0,38.0,2003
Rep,51.0,73.0,0.0,Rep,South Carolina,21,25.0,0.0,,124,170.0,46.0,2003
Rep,21.0,49.0,0.0,Rep,South Dakota,9,26.0,0.0,,70,105.0,35.0,2003
Dem,54.0,45.0,0.0,Dem,Tennessee,18,15.0,0.0,,99,132.0,33.0,2003
Rep,62.0,88.0,0.0,Rep,Texas,12,19.0,0.0,,150,181.0,31.0,2003
Rep,19.0,56.0,0.0,Rep,Utah,7,22.0,0.0,,75,104.0,29.0,2003
Rep,69.0,74.0,7.0,Split,Vermont,19,11.0,0.0,,150,180.0,30.0,2003
Dem,33.0,65.0,2.0,Rep,Virginia,17,23.0,0.0,,100,140.0,40.0,2003
Dem,52.0,46.0,0.0,Split,Washington,24,25.0,0.0,,98,147.0,49.0,2003
Dem,68.0,32.0,0.0,Dem,West Virginia,24,10.0,0.0,,100,134.0,34.0,2003
Dem,41.0,58.0,0.0,Rep,Wisconsin,15,18.0,0.0,,99,132.0,33.0,2003
Dem,15.0,45.0,0.0,Rep,Wyoming,10,20.0,0.0,,60,90.0,30.0,2003
Rep,63.0,42.0,0.0,Dem,Alabama,25,10.0,0.0,Divided,105,140.0,35.0,2004
Rep,13.0,27.0,0.0,Rep,Alaska,8,11.0,1.0,Rep,40,60.0,20.0,2004
Dem,21.0,39.0,0.0,Rep,Arizona,13,17.0,0.0,Divided,60,90.0,30.0,2004
Rep,70.0,30.0,0.0,Dem,Arkansas,27,8.0,0.0,Divided,100,135.0,35.0,2004
Rep,48.0,32.0,0.0,Dem,California,25,15.0,0.0,Divided,80,120.0,40.0,2004
Rep,28.0,37.0,0.0,Rep,Colorado,17,18.0,0.0,Rep,65,100.0,35.0,2004
Rep,94.0,57.0,0.0,Dem,Connecticut,21,15.0,0.0,Divided,151,187.0,36.0,2004
Dem,12.0,29.0,0.0,Split,Delaware,13,8.0,0.0,Divided,41,62.0,21.0,2004
Rep,39.0,81.0,0.0,Rep,Florida,14,26.0,0.0,Rep,120,160.0,40.0,2004
Rep,106.0,73.0,1.0,Split,Georgia,26,30.0,0.0,Divided,180,236.0,56.0,2004
Rep,36.0,15.0,0.0,Dem,Hawaii,20,5.0,0.0,Divided,51,76.0,25.0,2004
Rep,16.0,54.0,0.0,Rep,Idaho,7,28.0,0.0,Rep,70,105.0,35.0,2004
Dem,66.0,52.0,0.0,Dem,Illinois,32,26.0,1.0,Dem,118,177.0,59.0,2004
Dem,51.0,49.0,0.0,Split,Indiana,18,32.0,0.0,Divided,100,150.0,50.0,2004
Dem,46.0,54.0,0.0,Rep,Iowa,21,29.0,0.0,Divided,100,150.0,50.0,2004
Dem,45.0,80.0,0.0,Rep,Kansas,10,30.0,0.0,Divided,125,165.0,40.0,2004
Rep,65.0,35.0,0.0,Split,Kentucky,16,22.0,0.0,Divided,100,138.0,38.0,2004
Dem,68.0,37.0,0.0,Dem,Louisiana,24,15.0,0.0,Dem,105,144.0,39.0,2004
Dem,79.0,67.0,3.0,Dem,Maine,18,17.0,0.0,Dem,151,186.0,35.0,2004
Rep,98.0,43.0,0.0,Dem,Maryland,33,14.0,0.0,Divided,141,188.0,47.0,2004
Rep,136.0,23.0,1.0,Dem,Massachusetts,34,6.0,0.0,Divided,160,200.0,40.0,2004
Dem,47.0,63.0,0.0,Rep,Michigan,16,22.0,0.0,Divided,110,148.0,38.0,2004
Rep,52.0,82.0,0.0,Split,Minnesota,35,31.0,1.0,Divided,134,201.0,67.0,2004
Rep,76.0,46.0,0.0,Dem,Mississippi,28,23.0,1.0,Divided,122,174.0,52.0,2004
Dem,73.0,90.0,0.0,Rep,Missouri,14,20.0,0.0,Divided,163,197.0,34.0,2004
Rep,47.0,53.0,0.0,Rep,Montana,21,29.0,0.0,Rep,100,150.0,50.0,2004
Rep,,,0.0,,Nebraska,Nonpartisan,,49.0,,Unicameral,49.0,49.0,2004
Rep,23.0,19.0,0.0,Split,Nevada,8,13.0,0.0,Divided,42,63.0,21.0,2004
Rep,119.0,281.0,0.0,Rep,New Hampshire,6,18.0,0.0,Rep,400,424.0,24.0,2004
Dem,47.0,33.0,0.0,Dem,New Jersey,22,18.0,0.0,Dem,80,120.0,40.0,2004
Dem,43.0,27.0,0.0,Dem,New Mexico,24,18.0,0.0,Dem,70,112.0,42.0,2004
Rep,103.0,47.0,0.0,Split,New York,25,37.0,0.0,Divided,150,212.0,62.0,2004
Dem,59.0,61.0,0.0,Split,North Carolina,28,22.0,0.0,Divided,120,170.0,50.0,2004
Rep,28.0,66.0,0.0,Rep,North Dakota,16,31.0,0.0,Rep,94,141.0,47.0,2004
Rep,37.0,62.0,0.0,Rep,Ohio,11,22.0,0.0,Rep,99,132.0,33.0,2004
Dem,53.0,48.0,0.0,Dem,Oklahoma,28,20.0,0.0,Dem,101,149.0,48.0,2004
Dem,25.0,35.0,0.0,Split,Oregon,15,15.0,0.0,Divided,60,90.0,30.0,2004
Dem,94.0,109.0,0.0,Rep,Pennsylvania,21,29.0,0.0,Divided,203,253.0,50.0,2004
Rep,63.0,11.0,1.0,Dem,Rhode Island,32,6.0,0.0,Divided,75,113.0,38.0,2004
Rep,51.0,73.0,0.0,Rep,South Carolina,21,25.0,0.0,Rep,124,170.0,46.0,2004
Rep,21.0,49.0,0.0,Rep,South Dakota,9,26.0,0.0,Rep,70,105.0,35.0,2004
Dem,54.0,45.0,0.0,Dem,Tennessee,18,15.0,0.0,Dem,99,132.0,33.0,2004
Rep,62.0,88.0,0.0,Rep,Texas,12,19.0,0.0,Rep,150,181.0,31.0,2004
Rep,19.0,56.0,0.0,Rep,Utah,7,22.0,0.0,Rep,75,104.0,29.0,2004
Rep,69.0,74.0,7.0,Split,Vermont,19,11.0,0.0,Divided,150,180.0,30.0,2004
Dem,37.0,61.0,2.0,Rep,Virginia,16,24.0,0.0,Divided,100,140.0,40.0,2004
Dem,52.0,46.0,0.0,Split,Washington,24,25.0,0.0,Divided,98,147.0,49.0,2004
Dem,68.0,32.0,0.0,Dem,West Virginia,24,10.0,0.0,Dem,100,134.0,34.0,2004
Dem,41.0,58.0,0.0,Rep,Wisconsin,15,18.0,0.0,Divided,99,132.0,33.0,2004
Dem,14.0,46.0,0.0,Rep,Wyoming,10,20.0,0.0,Divided,60,90.0,30.0,2004
Rep,63.0,42.0,0.0,Dem,Alabama,25,10.0,0.0,Divided,105,140,35,2005
Rep,14.0,26.0,0.0,Rep,Alaska,8,12.0,0.0,Rep,40,60,20,2005
Dem,22.0,38.0,0.0,Rep,Arizona,12,18.0,0.0,Divided,60,90,30,2005
Rep,72.0,28.0,0.0,Dem,Arkansas,27,8.0,0.0,Divided,100,135,35,2005
Rep,48.0,32.0,0.0,Dem,California,25,15.0,0.0,Divided,80,120,40,2005
Rep,35.0,30.0,0.0,Dem,Colorado,18,17.0,0.0,Divided,65,100,35,2005
Rep,99.0,52.0,0.0,Dem,Connecticut,24,12.0,0.0,Divided,151,187,36,2005
Dem,15.0,25.0,1.0,Split,Delaware,13,8.0,0.0,Divided,41,62,21,2005
Rep,36.0,84.0,0.0,Rep,Florida,14,26.0,0.0,Rep,120,160,40,2005
Rep,80.0,99.0,1.0,Rep,Georgia,22,34.0,0.0,Rep,180,236,56,2005
Rep,41.0,10.0,0.0,Dem,Hawaii,20,5.0,0.0,Divided,51,76,25,2005
Rep,13.0,57.0,0.0,Rep,Idaho,7,28.0,0.0,Rep,70,105,35,2005
Dem,65.0,53.0,0.0,Dem,Illinois,31,27.0,1.0,Dem,118,177,59,2005
Rep,48.0,52.0,0.0,Rep,Indiana,17,33.0,0.0,Rep,100,150,50,2005
Dem,49.0,51.0,0.0,Split,Iowa,25,25.0,0.0,Divided,100,150,50,2005
Dem,42.0,83.0,0.0,Rep,Kansas,10,30.0,0.0,Divided,125,165,40,2005
Rep,57.0,43.0,0.0,Split,Kentucky,15,21.0,1.0,Divided,100,138,38,2005
Dem,67.0,37.0,1.0,Dem,Louisiana,24,15.0,0.0,Dem,105,144,39,2005
Dem,76.0,73.0,2.0,Dem,Maine,19,16.0,0.0,Dem,151,186,35,2005
Rep,98.0,43.0,0.0,Dem,Maryland,33,14.0,0.0,Divided,141,188,47,2005
Rep,139.0,20.0,1.0,Dem,Massachusetts,34,6.0,0.0,Divided,160,200,40,2005
Dem,52.0,58.0,0.0,Rep,Michigan,16,22.0,0.0,Divided,110,148,38,2005
Rep,66.0,68.0,0.0,Split,Minnesota,35,31.0,1.0,Divided,134,201,67,2005
Rep,75.0,47.0,0.0,Dem,Mississippi,28,24.0,0.0,Divided,122,174,52,2005
Rep,65.0,98.0,0.0,Rep,Missouri,11,23.0,0.0,Rep,163,197,34,2005
Dem,50.0,50.0,0.0,Split,Montana,27,23.0,0.0,Divided,100,150,50,2005
Rep,,,0.0,,Nebraska,Nonpartisan,,49.0,,Unicameral,49,49,2005
Rep,26.0,16.0,0.0,Split,Nevada,9,12.0,0.0,Divided,42,63,21,2005
Dem,147.0,253.0,0.0,Rep,New Hampshire,8,16.0,0.0,Divided,400,424,24,2005
Dem,47.0,33.0,0.0,Dem,New Jersey,22,18.0,0.0,Dem,80,120,40,2005
Dem,42.0,28.0,0.0,Dem,New Mexico,23,19.0,0.0,Dem,70,112,42,2005
Rep,104.0,46.0,0.0,Split,New York,27,35.0,0.0,Divided,150,212,62,2005
Dem,62.0,57.0,1.0,Dem,North Carolina,29,21.0,0.0,Dem,120,170,50,2005
Rep,27.0,67.0,0.0,Rep,North Dakota,15,32.0,0.0,Rep,94,141,47,2005
Rep,38.0,61.0,0.0,Rep,Ohio,11,22.0,0.0,Rep,99,132,33,2005
Dem,44.0,57.0,0.0,Split,Oklahoma,26,22.0,0.0,Divided,101,149,48,2005
Dem,27.0,33.0,0.0,Split,Oregon,18,12.0,0.0,Divided,60,90,30,2005
Dem,92.0,111.0,0.0,Rep,Pennsylvania,18,29.0,3.0,Divided,203,253,50,2005
Rep,59.0,16.0,0.0,Dem,Rhode Island,33,5.0,0.0,Divided,75,113,38,2005
Rep,50.0,74.0,0.0,Rep,South Carolina,20,26.0,0.0,Rep,124,170,46,2005
Rep,19.0,51.0,0.0,Rep,South Dakota,10,25.0,0.0,Rep,70,105,35,2005
Dem,53.0,46.0,0.0,Split,Tennessee,16,17.0,0.0,Divided,99,132,33,2005
Rep,63.0,87.0,0.0,Rep,Texas,12,19.0,0.0,Rep,150,181,31,2005
Rep,19.0,56.0,0.0,Rep,Utah,8,21.0,0.0,Rep,75,104,29,2005
Rep,83.0,60.0,7.0,Dem,Vermont,21,9.0,0.0,Divided,150,180,30,2005
Dem,37.0,61.0,2.0,Rep,Virginia,16,24.0,0.0,Divided,100,140,40,2005
Dem,55.0,43.0,0.0,Dem,Washington,26,23.0,0.0,Dem,98,147,49,2005
Dem,68.0,32.0,0.0,Dem,West Virginia,21,13.0,0.0,Dem,100,134,34,2005
Dem,39.0,60.0,0.0,Rep,Wisconsin,14,19.0,0.0,Divided,99,132,33,2005
Dem,14.0,46.0,0.0,Rep,Wyoming,7,23.0,0.0,Divided,60,90,30,2005
Rep,63.0,42.0,0.0,Dem,Alabama,25,10.0,0.0,Divided,105,140,35,2006
Rep,14.0,26.0,0.0,Rep,Alaska,8,12.0,0.0,Rep,40,60,20,2006
Dem,21.0,39.0,0.0,Rep,Arizona,12,18.0,0.0,Divided,60,90,30,2006
Rep,72.0,28.0,0.0,Dem,Arkansas,27,8.0,0.0,Divided,100,135,35,2006
Rep,48.0,32.0,0.0,Dem,California,25,15.0,0.0,Divided,80,120,40,2006
Rep,35.0,30.0,0.0,Dem,Colorado,18,17.0,0.0,Divided,65,100,35,2006
Rep,99.0,52.0,0.0,Dem,Connecticut,24,12.0,0.0,Divided,151,187,36,2006
Dem,15.0,25.0,1.0,Split,Delaware,13,8.0,0.0,Divided,41,62,21,2006
Rep,36.0,84.0,0.0,Rep,Florida,14,26.0,0.0,Rep,120,160,40,2006
Rep,80.0,99.0,1.0,Rep,Georgia,22,34.0,0.0,Rep,180,236,56,2006
Rep,41.0,10.0,0.0,Dem,Hawaii,20,5.0,0.0,Divided,51,76,25,2006
Rep,13.0,57.0,0.0,Rep,Idaho,7,28.0,0.0,Rep,70,105,35,2006
Dem,65.0,53.0,0.0,Dem,Illinois,32,26.0,1.0,Dem,118,177,59,2006
Rep,48.0,52.0,0.0,Rep,Indiana,17,33.0,0.0,Rep,100,150,50,2006
Dem,49.0,51.0,0.0,Split,Iowa,25,25.0,0.0,Divided,100,150,50,2006
Dem,42.0,83.0,0.0,Rep,Kansas,10,30.0,0.0,Divided,125,165,40,2006
Rep,56.0,44.0,0.0,Split,Kentucky,16,21.0,1.0,Divided,100,138,38,2006
Dem,65.0,39.0,1.0,Dem,Louisiana,24,15.0,0.0,Dem,105,144,39,2006
Dem,74.0,73.0,4.0,Dem,Maine,19,16.0,0.0,Dem,151,186,35,2006
Rep,98.0,43.0,0.0,Dem,Maryland,33,14.0,0.0,Divided,141,188,47,2006
Rep,137.0,20.0,3.0,Dem,Massachusetts,34,6.0,0.0,Divided,160,200,40,2006
Dem,52.0,58.0,0.0,Rep,Michigan,16,22.0,0.0,Divided,110,148,38,2006
Rep,66.0,68.0,0.0,Split,Minnesota,37,29.0,1.0,Divided,134,201,67,2006
Rep,75.0,47.0,0.0,Dem,Mississippi,27,24.0,1.0,Divided,122,174,52,2006
Rep,66.0,97.0,0.0,Rep,Missouri,11,23.0,0.0,Rep,163,197,34,2006
Dem,50.0,50.0,0.0,Split,Montana,27,23.0,0.0,Divided,100,150,50,2006
Rep,,,0.0,,Nebraska,Nonpartisan,,49.0,,Unicameral,49,49,2006
Rep,26.0,16.0,0.0,Split,Nevada,9,12.0,0.0,Divided,42,63,21,2006
Dem,149.0,247.0,4.0,Rep,New Hampshire,8,16.0,0.0,Divided,400,424,24,2006
Dem,48.0,32.0,0.0,Dem,New Jersey,22,18.0,0.0,Dem,80,120,40,2006
Dem,42.0,28.0,0.0,Dem,New Mexico,24,18.0,0.0,Dem,70,112,42,2006
Rep,105.0,45.0,0.0,Split,New York,27,35.0,0.0,Divided,150,212,62,2006
Dem,63.0,57.0,0.0,Dem,North Carolina,29,21.0,0.0,Dem,120,170,50,2006
Rep,27.0,67.0,0.0,Rep,North Dakota,15,32.0,0.0,Rep,94,141,47,2006
Rep,38.0,61.0,0.0,Rep,Ohio,11,22.0,0.0,Rep,99,132,33,2006
Dem,44.0,57.0,0.0,Split,Oklahoma,25,22.0,1.0,Divided,101,149,48,2006
Dem,27.0,33.0,0.0,Split,Oregon,18,12.0,0.0,Divided,60,90,30,2006
Dem,93.0,110.0,0.0,Rep,Pennsylvania,20,30.0,0.0,Divided,203,253,50,2006
Rep,60.0,15.0,0.0,Dem,Rhode Island,33,5.0,0.0,Divided,75,113,38,2006
Rep,50.0,74.0,0.0,Rep,South Carolina,20,26.0,0.0,Rep,124,170,46,2006
Rep,19.0,51.0,0.0,Rep,South Dakota,10,25.0,0.0,Rep,70,105,35,2006
Dem,53.0,46.0,0.0,Split,Tennessee,15,18.0,0.0,Divided,99,132,33,2006
Rep,63.0,87.0,0.0,Rep,Texas,12,19.0,0.0,Rep,150,181,31,2006
Rep,19.0,56.0,0.0,Rep,Utah,8,21.0,0.0,Rep,75,104,29,2006
Rep,83.0,60.0,7.0,Dem,Vermont,21,9.0,0.0,Divided,150,180,30,2006
Dem,40.0,57.0,3.0,Rep,Virginia,17,23.0,0.0,Divided,100,140,40,2006
Dem,55.0,43.0,0.0,Dem,Washington,26,23.0,0.0,Dem,98,147,49,2006
Dem,69.0,31.0,0.0,Dem,West Virginia,21,13.0,0.0,Dem,100,134,34,2006
Dem,39.0,60.0,0.0,Rep,Wisconsin,14,19.0,0.0,Divided,99,132,33,2006
Dem,14.0,46.0,0.0,Rep,Wyoming,7,23.0,0.0,Divided,60,90,30,2006
Rep,62.0,43.0,0.0,Dem,Alabama,23,12.0,0.0,Divided,105,140,35,2007
Rep,17.0,23.0,0.0,Rep,Alaska,9,11.0,0.0,Rep,40,60,20,2007
Dem,27.0,33.0,0.0,Rep,Arizona,13,17.0,0.0,Divided,60,90,30,2007
Dem,75.0,25.0,0.0,Dem,Arkansas,27,8.0,0.0,Dem,100,135,35,2007
Rep,48.0,32.0,0.0,Dem,California,25,15.0,0.0,Divided,80,120,40,2007
Dem,39.0,26.0,0.0,Dem,Colorado,20,15.0,0.0,Dem,65,100,35,2007
Rep,107.0,44.0,0.0,Dem,Connecticut,24,12.0,0.0,Divided,151,187,36,2007
Dem,18.0,23.0,0.0,Split,Delaware,13,8.0,0.0,Divided,41,62,21,2007
Rep,41.0,79.0,0.0,Rep,Florida,14,26.0,0.0,Rep,120,160,40,2007
Rep,74.0,106.0,0.0,Rep,Georgia,22,34.0,0.0,Rep,180,236,56,2007
Rep,43.0,8.0,0.0,Dem,Hawaii,20,5.0,0.0,Divided,51,76,25,2007
Rep,19.0,51.0,0.0,Rep,Idaho,7,28.0,0.0,Rep,70,105,35,2007
Dem,66.0,52.0,0.0,Dem,Illinois,37,22.0,0.0,Dem,118,177,59,2007
Rep,51.0,49.0,0.0,Split,Indiana,17,33.0,0.0,Divided,100,150,50,2007
Dem,54.0,46.0,0.0,Dem,Iowa,30,20.0,0.0,Dem,100,150,50,2007
Dem,48.0,77.0,0.0,Rep,Kansas,10,30.0,0.0,Divided,125,165,40,2007
Rep,61.0,39.0,0.0,Split,Kentucky,16,21.0,1.0,Divided,100,138,38,2007
Dem,63.0,41.0,1.0,Dem,Louisiana,24,15.0,0.0,Dem,105,144,39,2007
Dem,89.0,60.0,2.0,Dem,Maine,18,17.0,0.0,Dem,151,186,35,2007
Dem,106.0,35.0,0.0,Dem,Maryland,33,14.0,0.0,Dem,141,188,47,2007
Dem,141.0,19.0,0.0,Dem,Massachusetts,35,5.0,0.0,Dem,160,200,40,2007
Dem,58.0,52.0,0.0,Split,Michigan,17,21.0,0.0,Divided,110,148,38,2007
Rep,85.0,49.0,0.0,Dem,Minnesota,44,23.0,0.0,Divided,134,201,67,2007
Rep,74.0,47.0,1.0,Split,Mississippi,25,27.0,0.0,Divided,122,174,52,2007
Rep,71.0,92.0,0.0,Rep,Missouri,13,21.0,0.0,Rep,163,197,34,2007
Dem,49.0,50.0,1.0,Split,Montana,26,24.0,0.0,Dem,100,150,50,2007
Rep,,,0.0,,Nebraska,Nonpartisan,,49.0,,Unicameral,49,49,2007
Rep,27.0,15.0,0.0,Split,Nevada,10,11.0,0.0,Divided,42,63,21,2007
Dem,239.0,161.0,0.0,Dem,New Hampshire,14,10.0,0.0,Dem,400,424,24,2007
Dem,49.0,31.0,0.0,Dem,New Jersey,22,18.0,0.0,Dem,80,120,40,2007
Dem,42.0,28.0,0.0,Dem,New Mexico,24,18.0,0.0,Dem,70,112,42,2007
Dem,108.0,42.0,0.0,Split,New York,29,33.0,0.0,Divided,150,212,62,2007
Dem,67.0,52.0,1.0,Dem,North Carolina,31,19.0,0.0,Dem,120,170,50,2007
Rep,33.0,61.0,0.0,Rep,North Dakota,21,26.0,0.0,Rep,94,141,47,2007
Dem,46.0,53.0,0.0,Rep,Ohio,12,21.0,0.0,Divided,99,132,33,2007
Dem,44.0,57.0,0.0,Split,Oklahoma,24,24.0,0.0,Divided,101,149,48,2007
Dem,31.0,29.0,0.0,Dem,Oregon,17,11.0,2.0,Dem,60,90,30,2007
Dem,102.0,101.0,0.0,Split,Pennsylvania,21,29.0,0.0,Divided,203,253,50,2007
Rep,60.0,15.0,0.0,Dem,Rhode Island,33,5.0,0.0,Divided,75,113,38,2007
Rep,51.0,73.0,0.0,Rep,South Carolina,20,26.0,0.0,Rep,124,170,46,2007
Rep,20.0,50.0,0.0,Rep,South Dakota,15,20.0,0.0,Rep,70,105,35,2007
Dem,53.0,46.0,0.0,Split,Tennessee,16,17.0,0.0,Divided,99,132,33,2007
Rep,69.0,81.0,0.0,Rep,Texas,11,20.0,0.0,Rep,150,181,31,2007
Rep,20.0,55.0,0.0,Rep,Utah,8,21.0,0.0,Rep,75,104,29,2007
Rep,93.0,49.0,8.0,Dem,Vermont,23,7.0,0.0,Divided,150,180,30,2007
Dem,40.0,57.0,3.0,Rep,Virginia,17,23.0,0.0,Divided,100,140,40,2007
Dem,63.0,35.0,0.0,Dem,Washington,32,17.0,0.0,Dem,98,147,49,2007
Dem,72.0,28.0,0.0,Dem,West Virginia,23,11.0,0.0,Dem,100,134,34,2007
Dem,47.0,52.0,0.0,Split,Wisconsin,18,15.0,0.0,Divided,99,132,33,2007
Dem,17.0,43.0,0.0,Rep,Wyoming,7,23.0,0.0,Divided,60,90,30,2007
Rep,62.0,43.0,0.0,Dem,Alabama,22,13.0,0.0,Divided,105,140.0,35.0,2008
Rep,17.0,23.0,0.0,Rep,Alaska,9,11.0,0.0,Rep,40,60.0,20.0,2008
Dem,27.0,33.0,0.0,Rep,Arizona,13,17.0,0.0,Divided,60,90.0,30.0,2008
Dem,75.0,25.0,0.0,Dem,Arkansas,27,8.0,0.0,Dem,100,135.0,35.0,2008
Rep,48.0,32.0,0.0,Dem,California,25,15.0,0.0,Divided,80,120.0,40.0,2008
Dem,40.0,25.0,0.0,Dem,Colorado,20,15.0,0.0,Dem,65,100.0,35.0,2008
Rep,107.0,44.0,0.0,Dem,Connecticut,23,13.0,0.0,Divided,151,187.0,36.0,2008
Dem,19.0,22.0,0.0,Split,Delaware,13,8.0,0.0,Divided,41,62.0,21.0,2008
Rep,42.0,76.0,2.0,Rep,Florida,14,26.0,0.0,Rep,120,160.0,40.0,2008
Rep,73.0,107.0,0.0,Rep,Georgia,22,34.0,0.0,Rep,180,236.0,56.0,2008
Rep,44.0,7.0,0.0,Dem,Hawaii,21,4.0,0.0,Divided,51,76.0,25.0,2008
Rep,19.0,51.0,0.0,Rep,Idaho,7,28.0,0.0,Rep,70,105.0,35.0,2008
Dem,67.0,51.0,0.0,Dem,Illinois,37,22.0,0.0,Dem,118,177.0,59.0,2008
Rep,51.0,49.0,0.0,Split,Indiana,17,33.0,0.0,Divided,100,150.0,50.0,2008
Dem,53.0,47.0,0.0,Dem,Iowa,30,20.0,0.0,Dem,100,150.0,50.0,2008
Dem,47.0,78.0,0.0,Rep,Kansas,10,30.0,0.0,Divided,125,165.0,40.0,2008
Dem,63.0,36.0,1.0,Split,Kentucky,15,22.0,1.0,Divided,100,138.0,38.0,2008
Rep,53.0,49.0,2.0,Dem,Louisiana,23,16.0,0.0,Divided,105,144.0,39.0,2008
Dem,90.0,59.0,2.0,Dem,Maine,18,17.0,0.0,Dem,151,186.0,35.0,2008
Dem,104.0,36.0,1.0,Dem,Maryland,33,14.0,0.0,Dem,141,188.0,47.0,2008
Dem,140.0,19.0,1.0,Dem,Massachusetts,35,5.0,0.0,Dem,160,200.0,40.0,2008
Dem,58.0,52.0,0.0,Split,Michigan,17,21.0,0.0,Divided,110,148.0,38.0,2008
Rep,85.0,48.0,1.0,Dem,Minnesota,45,22.0,0.0,Divided,134,201.0,67.0,2008
Rep,75.0,47.0,0.0,Dem,Mississippi,27,25.0,0.0,Divided,122,174.0,52.0,2008
Rep,71.0,92.0,0.0,Rep,Missouri,14,20.0,0.0,Rep,163,197.0,34.0,2008
Dem,49.0,50.0,1.0,Split,Montana,26,24.0,0.0,Divided,100,150.0,50.0,2008
Rep,,,0.0,,Nebraska,Nonpartisan,,49.0,,Unicameral,49.0,49.0,2008
Rep,27.0,15.0,0.0,Split,Nevada,10,11.0,0.0,Divided,42,63.0,21.0,2008
Dem,236.0,159.0,1.0,Dem,New Hampshire,14,10.0,0.0,Dem,400,424.0,24.0,2008
Dem,48.0,32.0,0.0,Dem,New Jersey,23,17.0,0.0,Dem,80,120.0,40.0,2008
Dem,42.0,28.0,0.0,Dem,New Mexico,24,18.0,0.0,Dem,70,112.0,42.0,2008
Dem,108.0,42.0,0.0,Split,New York,30,32.0,0.0,Divided,150,212.0,62.0,2008
Dem,68.0,52.0,0.0,Dem,North Carolina,31,19.0,0.0,Dem,120,170.0,50.0,2008
Rep,33.0,61.0,0.0,Rep,North Dakota,21,26.0,0.0,Rep,94,141.0,47.0,2008
Dem,46.0,53.0,0.0,Rep,Ohio,12,21.0,0.0,Divided,99,132.0,33.0,2008
Dem,44.0,57.0,0.0,Split,Oklahoma,24,24.0,0.0,Divided,101,149.0,48.0,2008
Dem,31.0,29.0,0.0,Dem,Oregon,18,11.0,1.0,Dem,60,90.0,30.0,2008
Dem,102.0,101.0,0.0,Split,Pennsylvania,21,29.0,0.0,Divided,203,253.0,50.0,2008
Rep,61.0,13.0,1.0,Dem,Rhode Island,32,5.0,1.0,Divided,75,113.0,38.0,2008
Rep,51.0,72.0,1.0,Rep,South Carolina,19,27.0,0.0,Rep,124,170.0,46.0,2008
Rep,20.0,50.0,0.0,Rep,South Dakota,15,20.0,0.0,Rep,70,105.0,35.0,2008
Dem,53.0,46.0,0.0,Split,Tennessee,16,16.0,1.0,Divided,99,132.0,33.0,2008
Rep,71.0,79.0,0.0,Rep,Texas,11,20.0,0.0,Rep,150,181.0,31.0,2008
Rep,20.0,55.0,0.0,Rep,Utah,8,21.0,0.0,Rep,75,104.0,29.0,2008
Rep,93.0,49.0,8.0,Dem,Vermont,23,7.0,0.0,Divided,150,180.0,30.0,2008
Dem,45.0,53.0,2.0,Split,Virginia,21,19.0,0.0,Divided,100,140.0,40.0,2008
Dem,63.0,35.0,0.0,Dem,Washington,32,17.0,0.0,Dem,98,147.0,49.0,2008
Dem,72.0,28.0,0.0,Dem,West Virginia,23,11.0,0.0,Dem,100,134.0,34.0,2008
Dem,47.0,52.0,0.0,Split,Wisconsin,18,15.0,0.0,Divided,99,132.0,33.0,2008
Dem,17.0,43.0,0.0,Rep,Wyoming,7,23.0,0.0,Divided,60,90.0,30.0,2008
Rep,62.0,43.0,0.0,Dem,Alabama,19.0,13.0,3.0,Divided,105,140.0,35.0,2009
Rep,18.0,22.0,0.0,Split,Alaska,10.0,10.0,0.0,Divided,40,60.0,20.0,2009
Rep,25.0,35.0,0.0,Rep,Arizona,12.0,18.0,0.0,Rep,60,90.0,30.0,2009
Dem,71.0,28.0,1.0,Dem,Arkansas,27.0,8.0,0.0,Dem,100,135.0,35.0,2009
Rep,51.0,29.0,0.0,Dem,California,26.0,14.0,0.0,Divided,80,120.0,40.0,2009
Dem,38.0,27.0,0.0,Dem,Colorado,21.0,14.0,0.0,Dem,65,100.0,35.0,2009
Rep,114.0,37.0,0.0,Dem,Connecticut,24.0,12.0,0.0,Divided,151,187.0,36.0,2009
Dem,25.0,16.0,0.0,Dem,Delaware,16.0,5.0,0.0,Dem,41,62.0,21.0,2009
Rep,44.0,76.0,0.0,Rep,Florida,14.0,26.0,0.0,Rep,120,160.0,40.0,2009
Rep,75.0,105.0,0.0,Rep,Georgia,22.0,34.0,0.0,Rep,180,236.0,56.0,2009
Rep,45.0,6.0,0.0,Dem,Hawaii,23.0,2.0,0.0,Divided,51,76.0,25.0,2009
Rep,18.0,52.0,0.0,Rep,Idaho,7.0,28.0,0.0,Rep,70,105.0,35.0,2009
Dem,70.0,48.0,0.0,Dem,Illinois,37.0,22.0,0.0,Dem,118,177.0,59.0,2009
Rep,52.0,48.0,0.0,Split,Indiana,17.0,33.0,0.0,Divided,100,150.0,50.0,2009
Dem,56.0,44.0,0.0,Dem,Iowa,32.0,18.0,0.0,Dem,100,150.0,50.0,2009
Dem,48.0,77.0,0.0,Rep,Kansas,9.0,31.0,0.0,Divided,125,165.0,40.0,2009
Dem,65.0,35.0,0.0,Split,Kentucky,15.0,22.0,1.0,Divided,100,138.0,38.0,2009
Rep,52.0,50.0,3.0,Dem,Louisiana,22.0,15.0,2.0,Divided,105,144.0,39.0,2009
Dem,96.0,54.0,1.0,Dem,Maine,20.0,15.0,0.0,Dem,151,186.0,35.0,2009
Dem,104.0,36.0,1.0,Dem,Maryland,33.0,14.0,0.0,Dem,141,188.0,47.0,2009
Dem,143.0,16.0,1.0,Dem,Massachusetts,35.0,5.0,0.0,Dem,160,200.0,40.0,2009
Dem,67.0,43.0,0.0,Split,Michigan,17.0,21.0,0.0,Divided,110,148.0,38.0,2009
Rep,87.0,47.0,0.0,Dem,Minnesota,46.0,21.0,0.0,Divided,134,201.0,67.0,2009
Rep,74.0,48.0,0.0,Dem,Mississippi,27.0,25.0,0.0,Divided,122,174.0,52.0,2009
Dem,74.0,89.0,0.0,Rep,Missouri,11.0,23.0,0.0,Divided,163,197.0,34.0,2009
Dem,50.0,50.0,0.0,Split,Montana,23.0,27.0,0.0,Divided,100,150.0,50.0,2009
Rep,,,0.0,,Nebraska,,,49.0,,Unicameral,49.0,49.0,2009
Rep,28.0,14.0,0.0,Dem,Nevada,12.0,9.0,0.0,Divided,42,63.0,21.0,2009
Dem,224.0,176.0,0.0,Dem,New Hampshire,14.0,10.0,0.0,Dem,400,424.0,24.0,2009
Dem,48.0,32.0,0.0,Dem,New Jersey,23.0,17.0,0.0,Dem,80,120.0,40.0,2009
Dem,45.0,25.0,0.0,Dem,New Mexico,27.0,15.0,0.0,Dem,70,112.0,42.0,2009
Dem,109.0,41.0,0.0,Dem,New York,32.0,30.0,0.0,Dem,150,212.0,62.0,2009
Dem,68.0,52.0,0.0,Dem,North Carolina,30.0,20.0,0.0,Dem,120,170.0,50.0,2009
Rep,36.0,58.0,0.0,Rep,North Dakota,21.0,26.0,0.0,Rep,94,141.0,47.0,2009
Dem,53.0,46.0,0.0,Split,Ohio,12.0,21.0,0.0,Divided,99,132.0,33.0,2009
Dem,40.0,61.0,0.0,Rep,Oklahoma,22.0,26.0,0.0,Divided,101,149.0,48.0,2009
Dem,36.0,24.0,0.0,Dem,Oregon,18.0,12.0,0.0,Dem,60,90.0,30.0,2009
Dem,104.0,99.0,0.0,Split,Pennsylvania,20.0,29.0,1.0,Divided,203,253.0,50.0,2009
Rep,69.0,6.0,0.0,Dem,Rhode Island,33.0,4.0,1.0,Divided,75,113.0,38.0,2009
Rep,53.0,71.0,0.0,Rep,South Carolina,19.0,27.0,0.0,Rep,124,170.0,46.0,2009
Rep,24.0,46.0,0.0,Rep,South Dakota,14.0,20.0,1.0,Rep,70,105.0,35.0,2009
Dem,49.0,50.0,0.0,Rep,Tennessee,14.0,19.0,0.0,Divided,99,132.0,33.0,2009
Rep,74.0,76.0,0.0,Rep,Texas,12.0,19.0,0.0,Rep,150,181.0,31.0,2009
Rep,22.0,53.0,0.0,Rep,Utah,8.0,21.0,0.0,Rep,75,104.0,29.0,2009
Rep,95.0,48.0,7.0,Dem,Vermont,23.0,7.0,0.0,Divided,150,180.0,30.0,2009
Dem,45.0,53.0,1.0,Split,Virginia,21.0,19.0,0.0,Divided,100,140.0,40.0,2009
Dem,64.0,34.0,0.0,Dem,Washington,31.0,18.0,0.0,Dem,98,147.0,49.0,2009
Dem,79.0,21.0,0.0,Dem,West Virginia,28.0,6.0,0.0,Dem,100,134.0,34.0,2009
Dem,52.0,46.0,1.0,Dem,Wisconsin,18.0,15.0,0.0,Dem,99,132.0,33.0,2009
Dem,19.0,41.0,0.0,Rep,Wyoming,7.0,23.0,0.0,Divided,60,90.0,30.0,2009
Rep,60.0,45.0,0.0,Dem,Alabama,20.0,15.0,0.0,Divided,105,140.0,35.0,2010
Rep,18.0,22.0,0.0,Split,Alaska,10.0,10.0,0.0,Divided,40,60.0,20.0,2010
Rep,25.0,35.0,0.0,Rep,Arizona,12.0,18.0,0.0,Rep,60,90.0,30.0,2010
Dem,72.0,28.0,0.0,Dem,Arkansas,27.0,8.0,0.0,Dem,100,135.0,35.0,2010
Rep,49.0,29.0,1.0,Dem,California,25.0,14.0,1.0,Divided,80,120.0,40.0,2010
Dem,37.0,27.0,1.0,Dem,Colorado,21.0,14.0,0.0,Dem,65,100.0,35.0,2010
Rep,114.0,36.0,1.0,Dem,Connecticut,24.0,12.0,0.0,Divided,151,187.0,36.0,2010
Dem,24.0,17.0,0.0,Dem,Delaware,15.0,6.0,0.0,Dem,41,62.0,21.0,2010
Rep,43.0,76.0,1.0,Rep,Florida,14.0,26.0,0.0,Rep,120,160.0,40.0,2010
Rep,74.0,105.0,1.0,Rep,Georgia,21.0,34.0,1.0,Rep,180,236.0,56.0,2010
Rep,45.0,6.0,0.0,Dem,Hawaii,23.0,2.0,0.0,Divided,51,76.0,25.0,2010
Rep,18.0,52.0,0.0,Rep,Idaho,7.0,28.0,0.0,Rep,70,105.0,35.0,2010
Dem,70.0,48.0,0.0,Dem,Illinois,37.0,22.0,0.0,Dem,118,177.0,59.0,2010
Rep,52.0,48.0,0.0,Split,Indiana,17.0,33.0,0.0,Divided,100,150.0,50.0,2010
Dem,56.0,44.0,0.0,Dem,Iowa,32.0,18.0,0.0,Dem,100,150.0,50.0,2010
Dem,49.0,76.0,0.0,Rep,Kansas,9.0,31.0,0.0,Divided,125,165.0,40.0,2010
Dem,65.0,35.0,0.0,Split,Kentucky,17.0,20.0,1.0,Divided,100,138.0,38.0,2010
Rep,52.0,50.0,3.0,Dem,Louisiana,23.0,16.0,0.0,Divided,105,144.0,39.0,2010
Dem,95.0,55.0,1.0,Dem,Maine,20.0,15.0,0.0,Dem,151,186.0,35.0,2010
Dem,104.0,36.0,1.0,Dem,Maryland,33.0,14.0,0.0,Dem,141,188.0,47.0,2010
Dem,144.0,16.0,0.0,Dem,Massachusetts,34.0,5.0,1.0,Dem,160,200.0,40.0,2010
Dem,66.0,43.0,1.0,Split,Michigan,16.0,22.0,0.0,Divided,110,148.0,38.0,2010
Rep,87.0,47.0,0.0,Dem,Minnesota,46.0,21.0,0.0,Divided,134,201.0,67.0,2010
Rep,74.0,48.0,0.0,Dem,Mississippi,27.0,25.0,0.0,Divided,122,174.0,52.0,2010
Dem,73.0,89.0,1.0,Rep,Missouri,11.0,23.0,0.0,Divided,163,197.0,34.0,2010
Dem,50.0,50.0,0.0,Split,Montana,23.0,27.0,0.0,Divided,100,150.0,50.0,2010
Rep,,,0.0,,Nebraska,,,49.0,,Unicameral,49.0,49.0,2010
Rep,28.0,14.0,0.0,Dem,Nevada,12.0,8.0,1.0,Divided,42,63.0,21.0,2010
Dem,222.0,176.0,2.0,Dem,New Hampshire,14.0,10.0,0.0,Dem,400,424.0,24.0,2010
Rep,47.0,33.0,0.0,Dem,New Jersey,23.0,17.0,0.0,Divided,80,120.0,40.0,2010
Dem,45.0,25.0,0.0,Dem,New Mexico,27.0,15.0,0.0,Dem,70,112.0,42.0,2010
Dem,109.0,41.0,0.0,Dem,New York,32.0,30.0,0.0,Dem,150,212.0,62.0,2010
Dem,68.0,52.0,0.0,Dem,North Carolina,30.0,20.0,0.0,Dem,120,170.0,50.0,2010
Rep,36.0,58.0,0.0,Rep,North Dakota,21.0,26.0,0.0,Rep,94,141.0,47.0,2010
Dem,53.0,46.0,0.0,Split,Ohio,12.0,21.0,0.0,Divided,99,132.0,33.0,2010
Dem,40.0,61.0,0.0,Rep,Oklahoma,22.0,26.0,0.0,Divided,101,149.0,48.0,2010
Dem,36.0,24.0,0.0,Dem,Oregon,18.0,12.0,0.0,Dem,60,90.0,30.0,2010
Dem,103.0,97.0,3.0,Split,Pennsylvania,20.0,30.0,0.0,Divided,203,253.0,50.0,2010
Rep,69.0,6.0,0.0,Dem,Rhode Island,33.0,4.0,1.0,Divided,75,113.0,38.0,2010
Rep,51.0,73.0,0.0,Rep,South Carolina,19.0,27.0,0.0,Rep,124,170.0,46.0,2010
Rep,24.0,46.0,0.0,Rep,South Dakota,14.0,21.0,0.0,Rep,70,105.0,35.0,2010
Dem,48.0,50.0,1.0,Rep,Tennessee,14.0,19.0,0.0,Divided,99,132.0,33.0,2010
Rep,73.0,77.0,0.0,Rep,Texas,12.0,19.0,0.0,Rep,150,181.0,31.0,2010
Rep,22.0,53.0,0.0,Rep,Utah,8.0,21.0,0.0,Rep,75,104.0,29.0,2010
Rep,95.0,48.0,7.0,Dem,Vermont,22.0,7.0,1.0,Divided,150,180.0,30.0,2010
Rep,39.0,59.0,2.0,Split,Virginia,22.0,18.0,0.0,Divided,100,140.0,40.0,2010
Dem,62.0,36.0,0.0,Dem,Washington,31.0,18.0,0.0,Dem,98,147.0,49.0,2010
Dem,71.0,29.0,0.0,Dem,West Virginia,26.0,8.0,0.0,Dem,100,134.0,34.0,2010
Dem,52.0,46.0,1.0,Dem,Wisconsin,18.0,15.0,0.0,Dem,99,132.0,33.0,2010
Dem,19.0,41.0,0.0,Rep,Wyoming,7.0,23.0,0.0,Divided,60,90.0,30.0,2010
Rep,40.0,65.0,0.0,Rep,Alabama,12.0,22.0,1.0,Rep,105,140,35,2011
Rep,18.0,22.0,0.0,Split,Alaska,10.0,10.0,0.0,Split,40,60,20,2011
Rep,20.0,40.0,0.0,Rep,Arizona,9.0,21.0,0.0,Rep,60,90,30,2011
Dem,55.0,45.0,0.0,Dem,Arkansas,20.0,15.0,0.0,Dem,100,135,35,2011
Dem,52.0,28.0,0.0,Dem,California,25.0,15.0,0.0,Dem,80,120,40,2011
Dem,32.0,33.0,0.0,Split,Colorado,20.0,15.0,0.0,Split,65,100,35,2011
Dem,100.0,51.0,0.0,Dem,Connecticut,22.0,14.0,0.0,Dem,151,187,36,2011
Dem,26.0,15.0,0.0,Dem,Delaware,14.0,7.0,0.0,Dem,41,62,21,2011
Rep,39.0,81.0,0.0,Rep,Florida,12.0,28.0,0.0,Rep,120,160,40,2011
Rep,63.0,115.0,1.0,Rep,Georgia,20.0,36.0,0.0,Rep,180,236,56,2011
Dem,43.0,8.0,0.0,Dem,Hawaii,24.0,1.0,0.0,Dem,51,76,25,2011
Rep,13.0,57.0,0.0,Rep,Idaho,7.0,28.0,0.0,Rep,70,105,35,2011
Dem,64.0,54.0,0.0,Dem,Illinois,35.0,24.0,0.0,Dem,118,177,59,2011
Rep,40.0,59.0,1.0,Rep,Indiana,13.0,37.0,0.0,Rep,100,150,50,2011
Rep,40.0,60.0,0.0,Split,Iowa,26.0,24.0,0.0,Split,100,150,50,2011
Rep,33.0,92.0,0.0,Rep,Kansas,8.0,32.0,0.0,Rep,125,165,40,2011
Dem,59.0,41.0,0.0,Split,Kentucky,15.0,22.0,1.0,Split,100,138,38,2011
Rep,47.0,55.0,3.0,Rep,Louisiana,19.0,20.0,0.0,Rep,105,144,39,2011
Rep,72.0,78.0,1.0,Rep,Maine,14.0,20.0,1.0,Rep,151,186,35,2011
Dem,98.0,43.0,0.0,Dem,Maryland,35.0,12.0,0.0,Dem,141,188,47,2011
Dem,128.0,32.0,0.0,Dem,Massachusetts,36.0,4.0,0.0,Dem,160,200,40,2011
Rep,47.0,63.0,0.0,Rep,Michigan,12.0,26.0,0.0,Rep,110,148,38,2011
Dem,62.0,72.0,0.0,Rep,Minnesota,28.0,37.0,2.0,Split,134,201,67,2011
Rep,67.0,54.0,1.0,Split,Mississippi,25.0,27.0,0.0,Split,122,174,52,2011
Dem,54.0,105.0,4.0,Rep,Missouri,8.0,26.0,0.0,Split,163,197,34,2011
Dem,32.0,68.0,0.0,Rep,Montana,22.0,28.0,0.0,Split,100,150,50,2011
Rep,,,0.0,,Nebraska,,,49.0,,Unicameral,49,49,2011
Rep,26.0,16.0,0.0,Dem,Nevada,11.0,10.0,0.0,Split,42,63,21,2011
Dem,104.0,293.0,3.0,Rep,New Hampshire,5.0,19.0,0.0,Split,400,424,24,2011
Rep,47.0,33.0,0.0,Dem,New Jersey,24.0,16.0,0.0,Split,80,120,40,2011
Rep,36.0,33.0,1.0,Dem,New Mexico,27.0,15.0,0.0,Split,70,112,42,2011
Dem,99.0,51.0,0.0,Split,New York,30.0,32.0,0.0,Split,150,212,62,2011
Dem,52.0,67.0,1.0,Rep,North Carolina,19.0,31.0,0.0,Split,120,170,50,2011
Rep,25.0,69.0,0.0,Rep,North Dakota,12.0,35.0,0.0,Rep,94,141,47,2011
Rep,40.0,59.0,0.0,Rep,Ohio,10.0,23.0,0.0,Rep,99,132,33,2011
Rep,31.0,69.0,1.0,Rep,Oklahoma,16.0,32.0,0.0,Rep,101,149,48,2011
Dem,30.0,30.0,0.0,Split,Oregon,16.0,14.0,0.0,Split,60,90,30,2011
Rep,91.0,112.0,0.0,Rep,Pennsylvania,20.0,30.0,0.0,Rep,203,253,50,2011
Ind,65.0,10.0,0.0,Dem,Rhode Island,29.0,8.0,1.0,Split,75,113,38,2011
Rep,48.0,75.0,1.0,Rep,South Carolina,19.0,27.0,0.0,Rep,124,170,46,2011
Rep,19.0,50.0,1.0,Rep,South Dakota,5.0,30.0,0.0,Rep,70,105,35,2011
Rep,34.0,64.0,1.0,Rep,Tennessee,13.0,20.0,0.0,Rep,99,132,33,2011
Rep,49.0,101.0,0.0,Rep,Texas,12.0,19.0,0.0,Rep,150,181,31,2011
Rep,17.0,58.0,0.0,Rep,Utah,7.0,22.0,0.0,Rep,75,104,29,2011
Dem,94.0,48.0,8.0,Dem,Vermont,22.0,8.0,0.0,Dem,150,180,30,2011
Rep,39.0,58.0,2.0,Split,Virginia,22.0,18.0,0.0,Split,100,140,40,2011
Dem,56.0,42.0,0.0,Dem,Washington,27.0,22.0,0.0,Dem,98,147,49,2011
Dem,65.0,35.0,0.0,Dem,West Virginia,28.0,6.0,0.0,Dem,100,134,34,2011
Rep,39.0,59.0,1.0,Rep,Wisconsin,16.0,17.0,0.0,Rep,99,132,33,2011
Rep,10.0,50.0,0.0,Rep,Wyoming,4.0,26.0,0.0,Rep,60,90,30,2011
Rep,40.0,65.0,0.0,Rep,Alabama,12.0,22.0,1.0,Rep,105,140,35,2012
Rep,18.0,22.0,0.0,Split,Alaska,10.0,10.0,0.0,Split,40,60,20,2012
Rep,20.0,40.0,0.0,Rep,Arizona,9.0,21.0,0.0,Rep,60,90,30,2012
Dem,55.0,45.0,0.0,Dem,Arkansas,20.0,15.0,0.0,Dem,100,135,35,2012
Dem,52.0,28.0,0.0,Dem,California,25.0,15.0,0.0,Dem,80,120,40,2012
Dem,32.0,33.0,0.0,Split,Colorado,20.0,15.0,0.0,Split,65,100,35,2012
Dem,100.0,51.0,0.0,Dem,Connecticut,22.0,14.0,0.0,Dem,151,187,36,2012
Dem,26.0,15.0,0.0,Dem,Delaware,14.0,7.0,0.0,Dem,41,62,21,2012
Rep,39.0,81.0,0.0,Rep,Florida,12.0,28.0,0.0,Rep,120,160,40,2012
Rep,63.0,115.0,1.0,Rep,Georgia,20.0,36.0,0.0,Rep,180,236,56,2012
Dem,43.0,8.0,0.0,Dem,Hawaii,24.0,1.0,0.0,Dem,51,76,25,2012
Rep,13.0,57.0,0.0,Rep,Idaho,7.0,28.0,0.0,Rep,70,105,35,2012
Dem,64.0,54.0,0.0,Dem,Illinois,35.0,24.0,0.0,Dem,118,177,59,2012
Rep,40.0,60.0,0.0,Rep,Indiana,13.0,37.0,0.0,Rep,100,150,50,2012
Rep,40.0,60.0,0.0,Split,Iowa,26.0,24.0,0.0,Split,100,150,50,2012
Rep,33.0,92.0,0.0,Rep,Kansas,8.0,32.0,0.0,Rep,125,165,40,2012
Dem,59.0,41.0,0.0,Split,Kentucky,15.0,22.0,1.0,Split,100,138,38,2012
Rep,45.0,58.0,2.0,Rep,Louisiana,15.0,24.0,0.0,Rep,105,144,39,2012
Rep,72.0,78.0,1.0,Rep,Maine,14.0,20.0,1.0,Rep,151,186,35,2012
Dem,98.0,43.0,0.0,Dem,Maryland,35.0,12.0,0.0,Dem,141,188,47,2012
Dem,126.0,32.0,2.0,Dem,Massachusetts,35.0,4.0,1.0,Dem,160,200,40,2012
Rep,46.0,62.0,2.0,Rep,Michigan,12.0,26.0,0.0,Rep,110,148,38,2012
Dem,61.0,72.0,1.0,Rep,Minnesota,28.0,37.0,1.0,Split,134,201,67,2012
Rep,58.0,64.0,0.0,Rep,Mississippi,21.0,31.0,0.0,Rep,122,174,52,2012
Dem,56.0,106.0,1.0,Rep,Missouri,8.0,26.0,0.0,Split,163,197,34,2012
Dem,32.0,68.0,0.0,Rep,Montana,22.0,28.0,0.0,Split,100,150,50,2012
Rep,,,0.0,,Nebraska,,,49.0,,Unicameral,49,49,2012
Rep,26.0,16.0,0.0,Dem,Nevada,11.0,10.0,0.0,Split,42,63,21,2012
Dem,104.0,294.0,2.0,Rep,New Hampshire,5.0,19.0,0.0,Split,400,424,24,2012
Rep,48.0,30.0,2.0,Dem,New Jersey,24.0,16.0,0.0,Split,80,120,40,2012
Rep,36.0,33.0,1.0,Dem,New Mexico,27.0,15.0,0.0,Split,70,112,42,2012
Dem,99.0,51.0,0.0,Split,New York,30.0,32.0,0.0,Split,150,212,62,2012
Dem,52.0,67.0,1.0,Rep,North Carolina,19.0,31.0,0.0,Split,120,170,50,2012
Rep,25.0,69.0,0.0,Rep,North Dakota,12.0,35.0,0.0,Rep,94,141,47,2012
Rep,40.0,59.0,0.0,Rep,Ohio,10.0,23.0,0.0,Rep,99,132,33,2012
Rep,31.0,69.0,1.0,Rep,Oklahoma,15.0,31.0,2.0,Rep,101,149,48,2012
Dem,30.0,30.0,0.0,Split,Oregon,16.0,14.0,0.0,Split,60,90,30,2012
Rep,91.0,112.0,0.0,Rep,Pennsylvania,20.0,30.0,0.0,Rep,203,253,50,2012
Ind,65.0,10.0,0.0,Dem,Rhode Island,29.0,8.0,1.0,Split,75,113,38,2012
Rep,48.0,75.0,1.0,Rep,South Carolina,19.0,27.0,0.0,Rep,124,170,46,2012
Rep,19.0,50.0,1.0,Rep,South Dakota,5.0,30.0,0.0,Rep,70,105,35,2012
Rep,34.0,64.0,1.0,Rep,Tennessee,13.0,20.0,0.0,Rep,99,132,33,2012
Rep,49.0,101.0,0.0,Rep,Texas,12.0,19.0,0.0,Rep,150,181,31,2012
Rep,17.0,58.0,0.0,Rep,Utah,7.0,22.0,0.0,Rep,75,104,29,2012
Dem,94.0,48.0,8.0,Dem,Vermont,22.0,8.0,0.0,Dem,150,180,30,2012
Rep,32.0,67.0,1.0,Split,Virginia,20.0,20.0,0.0,Split,100,140,40,2012
Dem,56.0,42.0,0.0,Dem,Washington,27.0,22.0,0.0,Dem,98,147,49,2012
Dem,65.0,35.0,0.0,Dem,West Virginia,28.0,6.0,0.0,Dem,100,134,34,2012
Rep,39.0,59.0,1.0,Rep,Wisconsin,16.0,17.0,0.0,Rep,99,132,33,2012
Rep,10.0,50.0,0.0,Rep,Wyoming,4.0,26.0,0.0,Rep,60,90,30,2012
Rep,39.0,64.0,2.0,Rep,Alabama,11.0,23.0,1.0,Rep,105,140,35,2013
Rep,15.0,25.0,0.0,Rep,Alaska,7.0,13.0,0.0,Rep,40,60,20,2013
Rep,24.0,36.0,0.0,Rep,Arizona,13.0,17.0,0.0,Rep,60,90,30,2013
Dem,48.0,51.0,1.0,Rep,Arkansas,14.0,21.0,0.0,Divided,100,135,35,2013
Dem,54.0,26.0,0.0,Dem,California,26.0,12.0,2.0,Dem,80,120,40,2013
Dem,36.0,29.0,0.0,Dem,Colorado,20.0,15.0,0.0,Dem,65,100,35,2013
Dem,99.0,52.0,0.0,Dem,Connecticut,22.0,14.0,0.0,Dem,151,187,36,2013
Dem,27.0,14.0,0.0,Dem,Delaware,13.0,8.0,0.0,Dem,41,62,21,2013
Rep,46.0,74.0,0.0,Rep,Florida,14.0,26.0,0.0,Rep,120,160,40,2013
Rep,60.0,119.0,1.0,Rep,Georgia,18.0,38.0,0.0,Rep,180,236,56,2013
Dem,44.0,7.0,0.0,Dem,Hawaii,24.0,1.0,0.0,Dem,51,76,25,2013
Rep,13.0,57.0,0.0,Rep,Idaho,7.0,28.0,0.0,Rep,70,105,35,2013
Dem,71.0,47.0,0.0,Dem,Illinois,40.0,19.0,0.0,Dem,118,177,59,2013
Rep,31.0,69.0,0.0,Rep,Indiana,13.0,37.0,0.0,Rep,100,150,50,2013
Rep,47.0,53.0,0.0,Divided,Iowa,26.0,23.0,1.0,Divided,100,150,50,2013
Rep,35.0,90.0,0.0,Rep,Kansas,9.0,31.0,0.0,Rep,125,165,40,2013
Dem,55.0,45.0,0.0,Divided,Kentucky,14.0,22.0,1.0,Divided,100,138,38,2013
Rep,45.0,58.0,2.0,Rep,Louisiana,15.0,24.0,0.0,Rep,105,144,39,2013
Rep,87.0,60.0,4.0,Dem,Maine,19.0,15.0,1.0,Divided,151,186,35,2013
Dem,98.0,43.0,0.0,Dem,Maryland,35.0,12.0,0.0,Dem,141,188,47,2013
Dem,131.0,29.0,0.0,Dem,Massachusetts,36.0,4.0,0.0,Dem,160,200,40,2013
Rep,51.0,59.0,0.0,Rep,Michigan,12.0,26.0,0.0,Rep,110,148,38,2013
Dem,73.0,61.0,0.0,Dem,Minnesota,39.0,28.0,0.0,Dem,134,201,67,2013
Rep,58.0,63.0,1.0,Rep,Mississippi,21.0,30.0,1.0,Rep,122,174,52,2013
Dem,53.0,110.0,0.0,Rep,Missouri,10.0,24.0,0.0,Divided,163,197,34,2013
Dem,37.0,63.0,0.0,Rep,Montana,23.0,27.0,0.0,Divided,100,150,50,2013
Rep,,,0.0,,Nebraska,,,0.0,,Unicameral,49,49,2013
Rep,27.0,15.0,0.0,Dem,Nevada,11.0,10.0,0.0,Divided,42,63,21,2013
Dem,222.0,178.0,0.0,Divided,New Hampshire,11.0,13.0,0.0,Divided,400,424,24,2013
Rep,48.0,32.0,0.0,Dem,New Jersey,24.0,16.0,0.0,Divided,80,120,40,2013
Rep,38.0,32.0,0.0,Dem,New Mexico,25.0,17.0,0.0,Divided,70,112,42,2013
Dem,107.0,43.0,0.0,Dem,New York,33.0,30.0,0.0,Dem,150,213,63,2013
Rep,43.0,77.0,0.0,Rep,North Carolina,18.0,32.0,0.0,Rep,120,170,50,2013
Rep,23.0,71.0,0.0,Rep,North Dakota,13.0,33.0,1.0,Rep,94,141,47,2013
Rep,39.0,60.0,0.0,Rep,Ohio,10.0,23.0,0.0,Rep,99,132,33,2013
Rep,29.0,72.0,0.0,Rep,Oklahoma,12.0,36.0,0.0,Rep,101,149,48,2013
Dem,34.0,26.0,0.0,Dem,Oregon,16.0,14.0,0.0,Dem,60,90,30,2013
Rep,93.0,110.0,0.0,Rep,Pennsylvania,23.0,27.0,0.0,Rep,203,253,50,2013
Ind,69.0,6.0,0.0,Dem,Rhode Island,32.0,5.0,1.0,Divided,75,113,38,2013
Rep,46.0,73.0,5.0,Rep,South Carolina,18.0,28.0,0.0,Rep,124,170,46,2013
Rep,17.0,53.0,0.0,Rep,South Dakota,7.0,28.0,0.0,Rep,70,105,35,2013
Rep,28.0,70.0,1.0,Rep,Tennessee,7.0,26.0,0.0,Rep,99,132,33,2013
Rep,55.0,95.0,0.0,Rep,Texas,12.0,19.0,0.0,Rep,150,181,31,2013
Rep,14.0,61.0,0.0,Rep,Utah,5.0,24.0,0.0,Rep,75,104,29,2013
Dem,96.0,45.0,9.0,Dem,Vermont,22.0,6.0,2.0,Dem,150,180,30,2013
Rep,31.0,67.0,1.0,Divided,Virginia,20.0,20.0,0.0,Divided,100,140,40,2013
Dem,55.0,43.0,0.0,Dem,Washington,26.0,23.0,0.0,Dem,98,147,49,2013
Dem,54.0,46.0,0.0,Dem,West Virginia,25.0,9.0,0.0,Dem,100,134,34,2013
Rep,39.0,60.0,0.0,Rep,Wisconsin,15.0,18.0,0.0,Rep,99,132,33,2013
Rep,8.0,52.0,0.0,Rep,Wyoming,4.0,26.0,0.0,Rep,60,90,30,2013
Rep,37.0,66.0,1.0,Rep,Alabama,11.0,23.0,1.0,Rep,105,140,35,2014
Rep,14.0,26.0,0.0,Rep,Alaska,7.0,13.0,0.0,Rep,40,60,20,2014
Rep,24.0,36.0,0.0,Rep,Arizona,12.0,17.0,1.0,Rep,60,90,30,2014
Dem,48.0,51.0,1.0,Rep,Arkansas,13.0,22.0,0.0,Divided,100,135,35,2014
Dem,55.0,25.0,0.0,Dem,California,28.0,11.0,1.0,Dem,80,120,40,2014
Dem,37.0,28.0,0.0,Dem,Colorado,18.0,17.0,0.0,Dem,65,100,35,2014
Dem,98.0,53.0,0.0,Dem,Connecticut,21.0,14.0,1.0,Dem,151,187,36,2014
Dem,27.0,14.0,0.0,Dem,Delaware,13.0,8.0,0.0,Dem,41,62,21,2014
Rep,45.0,74.0,1.0,Rep,Florida,14.0,26.0,0.0,Rep,120,160,40,2014
Rep,60.0,119.0,1.0,Rep,Georgia,18.0,38.0,0.0,Rep,180,236,56,2014
Dem,44.0,7.0,0.0,Dem,Hawaii,24.0,1.0,0.0,Dem,51,76,25,2014
Rep,13.0,57.0,0.0,Rep,Idaho,7.0,28.0,0.0,Rep,70,105,35,2014
Dem,71.0,47.0,0.0,Dem,Illinois,40.0,19.0,0.0,Dem,118,177,59,2014
Rep,31.0,69.0,0.0,Rep,Indiana,13.0,37.0,0.0,Rep,100,150,50,2014
Rep,47.0,53.0,0.0,Split,Iowa,26.0,24.0,0.0,Divided,100,150,50,2014
Rep,33.0,92.0,0.0,Rep,Kansas,8.0,32.0,0.0,Rep,125,165,40,2014
Dem,54.0,46.0,0.0,Split,Kentucky,14.0,23.0,1.0,Divided,100,138,38,2014
Rep,44.0,59.0,2.0,Rep,Louisiana,13.0,26.0,0.0,Rep,105,144,39,2014
Rep,89.0,58.0,4.0,Dem,Maine,19.0,15.0,1.0,Divided,151,186,35,2014
Dem,98.0,43.0,0.0,Dem,Maryland,36.0,11.0,0.0,Dem,141,188,47,2014
Dem,129.0,29.0,2.0,Dem,Massachusetts,35.0,4.0,1.0,Dem,160,200,40,2014
Rep,51.0,59.0,0.0,Rep,Michigan,12.0,26.0,0.0,Rep,110,148,38,2014
Dem,73.0,61.0,0.0,Dem,Minnesota,39.0,28.0,0.0,Dem,134,201,67,2014
Rep,57.0,65.0,0.0,Rep,Mississippi,20.0,32.0,0.0,Rep,122,174,52,2014
Dem,52.0,108.0,3.0,Rep,Missouri,9.0,24.0,1.0,Divided,163,197,34,2014
Dem,38.0,61.0,1.0,Rep,Montana,21.0,29.0,0.0,Divided,100,150,50,2014
Rep,,,0.0,,Nebraska,,,49.0,,Unicameral,49,49,2014
Rep,27.0,15.0,0.0,Dem,Nevada,11.0,10.0,0.0,Divided,42,63,21,2014
Dem,220.0,179.0,1.0,Split,New Hampshire,11.0,13.0,0.0,Divided,400,424,24,2014
Rep,48.0,32.0,0.0,Dem,New Jersey,24.0,16.0,0.0,Divided,80,120,40,2014
Rep,37.0,33.0,0.0,Dem,New Mexico,25.0,17.0,0.0,Divided,70,112,42,2014
Dem,100.0,40.0,10.0,Dem*,New York,32.0,29.0,2.0,Dem*,150,213,63,2014
Rep,43.0,77.0,0.0,Rep,North Carolina,17.0,33.0,0.0,Rep,120,170,50,2014
Rep,23.0,71.0,0.0,Rep,North Dakota,14.0,33.0,0.0,Rep,94,141,47,2014
Rep,39.0,60.0,0.0,Rep,Ohio,10.0,23.0,0.0,Rep,99,132,33,2014
Rep,29.0,72.0,0.0,Rep,Oklahoma,12.0,36.0,0.0,Rep,101,149,48,2014
Dem,34.0,26.0,0.0,Dem,Oregon,16.0,14.0,0.0,Dem,60,90,30,2014
Rep,92.0,111.0,0.0,Rep,Pennsylvania,24.0,26.0,0.0,Rep,203,253,50,2014
Dem,69.0,6.0,0.0,Dem,Rhode Island,32.0,5.0,1.0,Dem,75,113,38,2014
Rep,46.0,78.0,0.0,Rep,South Carolina,18.0,28.0,0.0,Rep,124,170,46,2014
Rep,17.0,53.0,0.0,Rep,South Dakota,7.0,28.0,0.0,Rep,70,105,35,2014
Rep,27.0,71.0,1.0,Rep,Tennessee,7.0,26.0,0.0,Rep,99,132,33,2014
Rep,55.0,95.0,0.0,Rep,Texas,12.0,19.0,0.0,Rep,150,181,31,2014
Rep,14.0,61.0,0.0,Rep,Utah,5.0,24.0,0.0,Rep,75,104,29,2014
Dem,93.0,47.0,10.0,Dem,Vermont,21.0,7.0,2.0,Dem,150,180,30,2014
Dem,33.0,67.0,0.0,Split,Virginia,20.0,20.0,0.0,Divided,100,140,40,2014
Dem,55.0,43.0,0.0,Dem*,Washington,25.0,24.0,0.0,Dem*,98,147,49,2014
Dem,53.0,47.0,0.0,Dem,West Virginia,24.0,10.0,0.0,Dem,100,134,34,2014
Rep,39.0,60.0,0.0,Rep,Wisconsin,15.0,18.0,0.0,Rep,99,132,33,2014
Rep,8.0,52.0,0.0,Rep,Wyoming,4.0,26.0,0.0,Rep,60,90,30,2014
Rep,33.0,72.0,0.0,Rep,Alabama,8.0,26.0,1.0,Rep,105,140,35,2015
Ind,16.0,23.0,1.0,Rep,Alaska,6.0,14.0,0.0,Divided,40,60,20,2015
Rep,24.0,36.0,0.0,Rep,Arizona,13.0,17.0,0.0,Rep,60,90,30,2015
Rep,36.0,64.0,0.0,Rep,Arkansas,11.0,23.0,1.0,Rep,100,135,35,2015
Dem,52.0,28.0,0.0,Dem,California,26.0,14.0,0.0,Dem,80,120,40,2015
Dem,34.0,31.0,0.0,Split,Colorado,17.0,18.0,0.0,Divided,65,100,35,2015
Dem,87.0,64.0,0.0,Dem,Connecticut,20.0,15.0,1.0,Dem,151,187,36,2015
Dem,25.0,16.0,0.0,Dem,Delaware,12.0,9.0,0.0,Dem,41,62,21,2015
Rep,39.0,80.0,1.0,Rep,Florida,14.0,25.0,1.0,Rep,120,160,40,2015
Rep,59.0,120.0,1.0,Rep,Georgia,18.0,38.0,0.0,Rep,180,236,56,2015
Dem,44.0,7.0,0.0,Dem,Hawaii,24.0,1.0,0.0,Dem,51,76,25,2015
Rep,14.0,56.0,0.0,Rep,Idaho,7.0,28.0,0.0,Rep,70,105,35,2015
Rep,71.0,47.0,0.0,Dem,Illinois,39.0,20.0,0.0,Divided,118,177,59,2015
Rep,30.0,70.0,0.0,Rep,Indiana,10.0,40.0,0.0,Rep,100,150,50,2015
Rep,43.0,57.0,0.0,Split,Iowa,26.0,24.0,0.0,Divided,100,150,50,2015
Rep,28.0,97.0,0.0,Rep,Kansas,8.0,32.0,0.0,Rep,125,165,40,2015
Dem,54.0,46.0,0.0,Split,Kentucky,11.0,27.0,0.0,Divided,100,138,38,2015
Rep,44.0,58.0,2.0,Rep,Louisiana,13.0,26.0,0.0,Rep,105,144,39,2015
Rep,79.0,68.0,4.0,Split,Maine,15.0,20.0,0.0,Divided,151,186,35,2015
Rep,91.0,50.0,0.0,Dem,Maryland,33.0,14.0,0.0,Divided,141,188,47,2015
Rep,124.0,36.0,0.0,Dem,Massachusetts,34.0,6.0,0.0,Divided,160,200,40,2015
Rep,47.0,63.0,0.0,Rep,Michigan,11.0,27.0,0.0,Rep,110,148,38,2015
Dem,62.0,72.0,0.0,Split,Minnesota,39.0,28.0,0.0,Divided,134,201,67,2015
Rep,56.0,66.0,0.0,Rep,Mississippi,20.0,32.0,0.0,Rep,122,174,52,2015
Dem,44.0,117.0,1.0,Rep,Missouri,9.0,25.0,0.0,Divided,163,197,34,2015
Dem,41.0,59.0,0.0,Rep,Montana,21.0,29.0,0.0,Divided,100,150,50,2015
Rep,,,0.0,,Nebraska,,,49.0,,Unicameral,49,49,2015
Rep,17.0,25.0,0.0,Rep,Nevada,10.0,11.0,0.0,Rep,42,63,21,2015
Dem,160.0,238.0,2.0,Rep,New Hampshire,10.0,14.0,0.0,Divided,400,424,24,2015
Rep,48.0,32.0,0.0,Dem,New Jersey,24.0,16.0,0.0,Divided,80,120,40,2015
Rep,33.0,37.0,0.0,Split,New Mexico,25.0,17.0,0.0,Divided,70,112,42,2015
Dem,105.0,44.0,1.0,Split,New York,25.0,33.0,5.0,Divided,150,213,63,2015
Rep,45.0,74.0,1.0,Rep,North Carolina,16.0,34.0,0.0,Rep,120,170,50,2015
Rep,23.0,71.0,0.0,Rep,North Dakota,15.0,32.0,0.0,Rep,94,141,47,2015
Rep,34.0,65.0,0.0,Rep,Ohio,10.0,23.0,0.0,Rep,99,132,33,2015
Rep,29.0,72.0,0.0,Rep,Oklahoma,8.0,40.0,0.0,Rep,101,149,48,2015
Dem,35.0,25.0,0.0,Dem,Oregon,18.0,12.0,0.0,Dem,60,90,30,2015
Dem,83.0,120.0,0.0,Rep,Pennsylvania,20.0,30.0,0.0,Divided,203,253,50,2015
Dem,63.0,11.0,1.0,Dem,Rhode Island,32.0,5.0,1.0,Dem,75,113,38,2015
Rep,46.0,78.0,0.0,Rep,South Carolina,18.0,28.0,0.0,Rep,124,170,46,2015
Rep,12.0,58.0,0.0,Rep,South Dakota,8.0,27.0,0.0,Rep,70,105,35,2015
Rep,26.0,73.0,0.0,Rep,Tennessee,5.0,28.0,0.0,Rep,99,132,33,2015
Rep,52.0,98.0,0.0,Rep,Texas,11.0,20.0,0.0,Rep,150,181,31,2015
Rep,12.0,63.0,0.0,Rep,Utah,5.0,24.0,0.0,Rep,75,104,29,2015
Dem,85.0,53.0,12.0,Dem,Vermont,21.0,9.0,0.0,Dem,150,180,30,2015
Dem,32.0,67.0,1.0,Rep,Virginia,19.0,21.0,0.0,Divided,100,140,40,2015
Dem,51.0,47.0,0.0,Split,Washington,24.0,25.0,0.0,Divided,98,147,49,2015
Dem,36.0,64.0,0.0,Rep,West Virginia,16.0,18.0,0.0,Divided,100,134,34,2015
Rep,36.0,63.0,0.0,Rep,Wisconsin,14.0,18.0,1.0,Rep,99,132,33,2015
Rep,9.0,51.0,0.0,Rep,Wyoming,4.0,26.0,0.0,Rep,60,90,30,2015
Rep,33.0,72.0,0.0,Rep,Alabama,8.0,26.0,1.0,Rep,105,140,35,2016
Ind,16.0,23.0,1.0,Rep,Alaska,6.0,14.0,0.0,Divided,40,60,20,2016
Rep,24.0,36.0,0.0,Rep,Arizona,13.0,17.0,0.0,Rep,60,90,30,2016
Rep,36.0,64.0,0.0,Rep,Arkansas,11.0,24.0,0.0,Rep,100,135,35,2016
Dem,52.0,28.0,0.0,Dem,California,25.0,14.0,1.0,Dem,80,120,40,2016
Dem,34.0,31.0,0.0,Split,Colorado,17.0,18.0,0.0,Divided,65,100,35,2016
Dem,87.0,64.0,0.0,Dem,Connecticut,20.0,15.0,1.0,Dem,151,187,36,2016
Dem,25.0,16.0,0.0,Dem,Delaware,12.0,9.0,0.0,Dem,41,62,21,2016
Rep,39.0,81.0,0.0,Rep,Florida,14.0,26.0,0.0,Rep,120,160,40,2016
Rep,61.0,118.0,1.0,Rep,Georgia,17.0,39.0,0.0,Rep,180,236,56,2016
Dem,44.0,7.0,0.0,Dem,Hawaii,24.0,1.0,0.0,Dem,51,76,25,2016
Rep,14.0,56.0,0.0,Rep,Idaho,7.0,28.0,0.0,Rep,70,105,35,2016
Rep,71.0,47.0,0.0,Dem,Illinois,39.0,20.0,0.0,Divided,118,177,59,2016
Rep,30.0,70.0,0.0,Rep,Indiana,10.0,40.0,0.0,Rep,100,150,50,2016
Rep,43.0,57.0,0.0,Split,Iowa,26.0,24.0,0.0,Divided,100,150,50,2016
Rep,28.0,97.0,0.0,Rep,Kansas,8.0,32.0,0.0,Rep,125,165,40,2016
Rep,52.0,44.0,4.0,Split,Kentucky,11.0,27.0,0.0,Divided,100,138,38,2016
Rep,42.0,61.0,2.0,Rep,Louisiana,14.0,25.0,0.0,Rep,105,144,39,2016
Rep,77.0,70.0,4.0,Split,Maine,15.0,20.0,0.0,Divided,151,186,35,2016
Rep,91.0,50.0,0.0,Dem,Maryland,33.0,14.0,0.0,Divided,141,188,47,2016
Rep,123.0,34.0,3.0,Dem,Massachusetts,33.0,5.0,2.0,Divided,160,200,40,2016
Rep,46.0,61.0,3.0,Rep,Michigan,11.0,27.0,0.0,Rep,110,148,38,2016
Dem,61.0,72.0,1.0,Split,Minnesota,39.0,27.0,1.0,Divided,134,201,67,2016
Rep,49.0,73.0,0.0,Rep,Mississippi,20.0,32.0,0.0,Rep,122,174,52,2016
Dem,45.0,117.0,1.0,Rep,Missouri,9.0,25.0,0.0,Divided,163,197,34,2016
Dem,41.0,59.0,0.0,Rep,Montana,21.0,29.0,0.0,Divided,100,150,50,2016
Rep,,,0.0,,Nebraska,,,49.0,,Unicameral,49,49,2016
Rep,17.0,25.0,0.0,Rep,Nevada,10.0,11.0,0.0,Rep,42,63,21,2016
Dem,160.0,239.0,1.0,Rep,New Hampshire,10.0,14.0,0.0,Divided,400,424,24,2016
Rep,51.0,29.0,0.0,Dem,New Jersey,24.0,16.0,0.0,Divided,80,120,40,2016
Rep,33.0,37.0,0.0,Split,New Mexico,25.0,17.0,0.0,Divided,70,112,42,2016
Dem,104.0,44.0,2.0,Split,New York,31.0,32.0,0.0,Divided,150,213,63,2016
Rep,45.0,74.0,1.0,Rep,North Carolina,16.0,34.0,0.0,Rep,120,170,50,2016
Rep,23.0,71.0,0.0,Rep,North Dakota,15.0,32.0,0.0,Rep,94,141,47,2016
Rep,34.0,65.0,0.0,Rep,Ohio,10.0,23.0,0.0,Rep,99,132,33,2016
Rep,30.0,71.0,0.0,Rep,Oklahoma,9.0,39.0,0.0,Rep,101,149,48,2016
Dem,35.0,25.0,0.0,Dem,Oregon,18.0,12.0,0.0,Dem,60,90,30,2016
Dem,82.0,118.0,3.0,Rep,Pennsylvania,19.0,30.0,1.0,Divided,203,253,50,2016
Dem,63.0,11.0,1.0,Dem,Rhode Island,32.0,5.0,1.0,Dem,75,113,38,2016
Rep,46.0,78.0,0.0,Rep,South Carolina,17.0,28.0,1.0,Rep,124,170,46,2016
Rep,12.0,58.0,0.0,Rep,South Dakota,8.0,27.0,0.0,Rep,70,105,35,2016
Rep,26.0,73.0,0.0,Rep,Tennessee,5.0,28.0,0.0,Rep,99,132,33,2016
Rep,51.0,99.0,0.0,Rep,Texas,11.0,20.0,0.0,Rep,150,181,31,2016
Rep,12.0,63.0,0.0,Rep,Utah,5.0,24.0,0.0,Rep,75,104,29,2016
Dem,85.0,53.0,12.0,Dem,Vermont,21.0,9.0,0.0,Dem,150,180,30,2016
Dem,34.0,66.0,0.0,Rep,Virginia,19.0,21.0,0.0,Divided,100,140,40,2016
Dem,50.0,48.0,0.0,Split,Washington,24.0,25.0,0.0,Divided,98,147,49,2016
Dem,36.0,64.0,0.0,Rep,West Virginia,16.0,18.0,0.0,Divided,100,134,34,2016
Rep,36.0,63.0,0.0,Rep,Wisconsin,14.0,19.0,0.0,Rep,99,132,33,2016
Rep,9.0,51.0,0.0,Rep,Wyoming,4.0,26.0,0.0,Rep,60,90,30,2016
Rep,32,72,1.0,Rep,Alabama,8,26,1.0,Rep,105,140,35,2017
Ind,17,21,2.0,Rep*,Alaska,6,14,0.0,Divided,40,60,20,2017
Rep,25,35,0.0,Rep,Arizona,13,17,0.0,Rep,60,90,30,2017
Rep,24,76,0.0,Rep,Arkansas,9,26,0.0,Rep,100,135,35,2017
Dem,55,25,0.0,Dem,California,27,13,0.0,Dem,80,120,40,2017
Dem,37,28,0.0,Split,Colorado,17,18,0.0,Divided,65,100,35,2017
Dem,79,72,0.0,Split*,Connecticut,18,18,0.0,Divided,151,187,36,2017
Dem,25,16,0.0,Dem,Delaware,11,10,0.0,Dem,41,62,21,2017
Rep,41,79,0.0,Rep,Florida,15,25,0.0,Rep,120,160,40,2017
Rep,62,118,0.0,Rep,Georgia,18,38,0.0,Rep,180,236,56,2017
Dem,45,6,0.0,Dem,Hawaii,25,0,0.0,Dem,51,76,25,2017
Rep,11,59,0.0,Rep,Idaho,6,29,0.0,Rep,70,105,35,2017
Rep,67,51,0.0,Dem,Illinois,37,22,0.0,Divided,118,177,59,2017
Rep,30,70,0.0,Rep,Indiana,9,41,0.0,Rep,100,150,50,2017
Rep,41,59,0.0,Rep,Iowa,20,29,1.0,Rep,100,150,50,2017
Rep,40,85,0.0,Rep,Kansas,9,31,0.0,Rep,125,165,40,2017
Rep,36,64,0.0,Rep,Kentucky,11,27,0.0,Rep,100,138,38,2017
Dem,42,60,3.0,Rep,Louisiana,14,25,0.0,Divided,105,144,39,2017
Rep,77,72,2.0,Split,Maine,17,18,0.0,Divided,151,186,35,2017
Rep,90,51,0.0,Dem,Maryland,33,14,0.0,Divided,141,188,47,2017
Rep,125,35,0.0,Dem,Massachusetts,34,6,0.0,Divided,160,200,40,2017
Rep,47,63,0.0,Rep,Michigan,11,27,0.0,Rep,110,148,38,2017
Dem,57,77,0.0,Rep,Minnesota,33,34,0.0,Divided,134,201,67,2017
Rep,48,74,0.0,Rep,Mississippi,20,32,0.0,Rep,122,174,52,2017
Rep,46,117,0.0,Rep,Missouri,9,25,0.0,Rep,163,197,34,2017
Dem,41,59,0.0,Rep,Montana,18,32,0.0,Divided,100,150,50,2017
Rep,,,0.0,,Nebraska,,,49.0,,Unicameral - nonpartisan,49,49,2017
Rep,27,15,0.0,Dem,Nevada,11,9,1.0,Divided,42,63,21,2017
Rep,175,225,0.0,Rep,New Hampshire,10,14,0.0,Rep,400,424,24,2017
Rep,52,28,0.0,Dem,New Jersey,24,16,0.0,Divided,80,120,40,2017
Rep,38,32,0.0,Dem,New Mexico,26,16,0.0,Divided,70,112,42,2017
Dem,107,43,0.0,Dem*,New York,32,31,0.0,Dem,150,213,63,2017
Dem,46,74,0.0,Rep,North Carolina,15,35,0.0,Divided,120,170,50,2017
Rep,13,81,0.0,Rep,North Dakota,9,38,0.0,Rep,94,141,47,2017
Rep,33,66,0.0,Rep,Ohio,9,24,0.0,Rep,99,132,33,2017
Rep,26,75,0.0,Rep,Oklahoma,6,42,0.0,Rep,101,149,48,2017
Dem,35,25,0.0,Dem,Oregon,17,13,0.0,Dem,60,90,30,2017
Dem,80,122,1.0,Rep,Pennsylvania,16,34,0.0,Divided,203,253,50,2017
Dem,64,10,1.0,Dem,Rhode Island,33,5,0.0,Dem,75,113,38,2017
Rep,44,80,0.0,Rep,South Carolina,18,28,0.0,Rep,124,170,46,2017
Rep,10,60,0.0,Rep,South Dakota,6,29,0.0,Rep,70,105,35,2017
Rep,25,74,0.0,Rep,Tennessee,5,28,0.0,Rep,99,132,33,2017
Rep,56,94,0.0,Rep,Texas,11,20,0.0,Rep,150,181,31,2017
Rep,13,62,0.0,Rep,Utah,5,24,0.0,Rep,75,104,29,2017
Rep,84,53,13.0,Dem,Vermont,23,7,0.0,Divided,150,180,30,2017
Dem,34,66,0.0,Rep,Virginia,19,21,0.0,Divided,100,140,40,2017
Dem,50,48,0.0,Dem*,Washington,25,24,0.0,Dem,98,147,49,2017
Dem,36,63,1.0,Rep,West Virginia,12,22,0.0,Divided,100,134,34,2017
Rep,35,64,0.0,Rep,Wisconsin,13,20,0.0,Rep,99,132,33,2017
Rep,9,51,0.0,Rep,Wyoming,3,27,0.0,Rep,60,90,30,2017
Rep,33,70,2.0,Rep,Alabama,7,26,1.0,Rep,105,140,35,2018
Ind,16,21,2.0,Rep*,Alaska,6,14,0.0,Divided,40,60,20,2018
Rep,25,35,0.0,Rep,Arizona,13,16,1.0,Rep,60,90,30,2018
Rep,24,75,1.0,Rep,Arkansas,9,24,2.0,Rep,100,135,35,2018
Dem,52,25,3.0,Dem,California,27,13,0.0,Dem,80,120,40,2018
Dem,37,27,1.0,Divided,Colorado,16,18,1.0,Divided,65,100,35,2018
Dem,78,71,2.0,Divided*,Connecticut,18,18,0.0,Divided,151,187,36,2018
Dem,25,16,0.0,Dem,Delaware,11,10,0.0,Dem,41,62,21,2018
Rep,40,76,4.0,Rep,Florida,15,24,1.0,Rep,120,160,40,2018
Rep,64,114,2.0,Rep,Georgia,19,36,1.0,Rep,180,236,56,2018
Dem,45,5,1.0,Dem,Hawaii,25,0,0.0,Dem,51,76,25,2018
Rep,11,59,0.0,Rep,Idaho,6,29,0.0,Rep,70,105,35,2018
Rep,66,51,1.0,Dem,Illinois,37,22,0.0,Divided,118,177,59,2018
Rep,30,70,0.0,Rep,Indiana,9,40,1.0,Rep,100,150,50,2018
Rep,41,59,0.0,Rep,Iowa,20,29,1.0,Rep,100,150,50,2018
Rep,40,85,0.0,Rep,Kansas,9,31,0.0,Rep,125,165,40,2018
Rep,36,63,1.0,Rep,Kentucky,11,27,0.0,Rep,100,138,38,2018
Dem,41,61,3.0,Rep,Louisiana,14,25,0.0,Divided,105,144,39,2018
Rep,74,70,7.0,Divided,Maine,17,18,0.0,Divided,151,186,35,2018
Rep,91,49,1.0,Dem,Maryland,33,14,0.0,Divided,141,188,47,2018
Rep,124,34,1.0,Dem,Massachusetts,32,7,1.0,Divided,160,200,40,2018
Rep,47,63,0.0,Rep,Michigan,11,27,0.0,Rep,110,148,38,2018
Dem,57,76,1.0,Rep,Minnesota,32,34,1.0,Divided,134,201,67,2018
Rep,48,73,1.0,Rep,Mississippi,19,32,1.0,Rep,122,174,52,2018
Rep,46,112,5.0,Rep,Missouri,9,25,0.0,Rep,163,197,34,2018
Dem,41,58,1.0,Rep,Montana,18,32,0.0,Divided,100,150,50,2018
Rep,,,0.0,,Nebraska,,,49.0,,Unicameral - nonpartisan,49,49,2018
Rep,27,14,1.0,Dem,Nevada,10,9,1.0,Divided,42,63,21,2018
Rep,175,218,3.0,Rep,New Hampshire,10,14,0.0,Rep,400,424,24,2018
Dem,54,26,0.0,Dem,New Jersey,25,15,0.0,Dem,80,120,40,2018
Rep,38,32,0.0,Dem,New Mexico,26,16,0.0,Divided,70,112,42,2018
Dem,103,37,1.0,Divided,New York,30,31,2.0,Divided,150,213,63,2018
Dem,45,75,0.0,Rep,North Carolina,15,35,0.0,Divided,120,170,50,2018
Rep,13,81,0.0,Rep,North Dakota,9,38,0.0,Rep,94,141,47,2018
Rep,33,64,2.0,Rep,Ohio,9,24,0.0,Rep,99,132,33,2018
Rep,28,72,1.0,Rep,Oklahoma,7,40,1.0,Rep,101,149,48,2018
Dem,35,25,0.0,Dem,Oregon,17,13,0.0,Dem,60,90,30,2018
Dem,80,120,3.0,Rep,Pennsylvania,16,34,0.0,Divided,203,253,50,2018
Dem,64,11,0.0,Dem,Rhode Island,33,5,0.0,Dem,75,113,38,2018
Rep,44,77,3.0,Rep,South Carolina,18,28,0.0,Rep,124,170,46,2018
Rep,10,60,0.0,Rep,South Dakota,6,29,0.0,Rep,70,105,35,2018
Rep,25,73,1.0,Rep,Tennessee,5,26,2.0,Rep,99,132,33,2018
Rep,56,94,0.0,Rep,Texas,11,20,0.0,Rep,150,181,31,2018
Rep,13,61,1.0,Rep,Utah,5,23,1.0,Rep,75,104,29,2018
Rep,83,53,14.0,Dem,Vermont,21,7,2.0,Divided,150,180,30,2018
Dem,49,51,0.0,Rep,Virginia,19,21,0.0,Divided,100,140,40,2018
Dem,50,48,0.0,Dem,Washington,26,22,1.0,Dem,98,147,49,2018
Rep,36,63,1.0,Rep,West Virginia,12,22,0.0,Rep,100,134,34,2018
Rep,35,62,2.0,Rep,Wisconsin,13,18,2.0,Rep,99,132,33,2018
Rep,9,51,0.0,Rep,Wyoming,3,27,0.0,Rep,60,90,30,2018
